<?xml version="1.0" encoding="UTF-8"?>
<root>
  <item name="io.rong.imkit.model.State.Value">
    <annotation name="androidx.annotation.IntDef">
      <val name="value" val="{io.rong.imkit.model.State.NORMAL, io.rong.imkit.model.State.ERROR, io.rong.imkit.model.State.PROGRESS, io.rong.imkit.model.State.CANCEL, io.rong.imkit.model.State.PAUSE}" />
    </annotation>
  </item>
  <item name="io.rong.imkit.model.UiMessage state">
    <annotation name="androidx.annotation.IntDef">
      <val name="value" val="{io.rong.imkit.model.State.NORMAL, io.rong.imkit.model.State.ERROR, io.rong.imkit.model.State.PROGRESS, io.rong.imkit.model.State.CANCEL, io.rong.imkit.model.State.PAUSE}" />
    </annotation>
  </item>
</root>

