<?xml version="1.0" encoding="UTF-8"?>
<root>
  <item name="io.rong.sticker.widget.DownloadProgressView void setStatus(int) 0">
    <annotation name="androidx.annotation.IntDef">
      <val name="value" val="{io.rong.sticker.widget.DownloadProgressView.NOT_DOWNLOAD, io.rong.sticker.widget.DownloadProgressView.DOWNLOADING}" />
    </annotation>
  </item>
  <item name="io.rong.sticker.widget.DownloadProgressView.Status">
    <annotation name="androidx.annotation.IntDef">
      <val name="value" val="{io.rong.sticker.widget.DownloadProgressView.NOT_DOWNLOAD, io.rong.sticker.widget.DownloadProgressView.DOWNLOADING}" />
    </annotation>
  </item>
</root>

