<?xml version="1.0" encoding="UTF-8"?>
<root>
  <item name="io.rong.imkit.event.actionevent.DownloadEvent DownloadEvent(int, io.rong.imlib.model.Message) 0">
    <annotation name="androidx.annotation.IntDef">
      <val name="value" val="{io.rong.imkit.event.actionevent.DownloadEvent.SUCCESS, io.rong.imkit.event.actionevent.DownloadEvent.PROGRESS, io.rong.imkit.event.actionevent.DownloadEvent.ERROR, io.rong.imkit.event.actionevent.DownloadEvent.CANCEL, io.rong.imkit.event.actionevent.DownloadEvent.PAUSE, io.rong.imkit.event.actionevent.DownloadEvent.START}" />
    </annotation>
  </item>
  <item name="io.rong.imkit.event.actionevent.DownloadEvent DownloadEvent(int, io.rong.imlib.model.Message, int) 0">
    <annotation name="androidx.annotation.IntDef">
      <val name="value" val="{io.rong.imkit.event.actionevent.DownloadEvent.SUCCESS, io.rong.imkit.event.actionevent.DownloadEvent.PROGRESS, io.rong.imkit.event.actionevent.DownloadEvent.ERROR, io.rong.imkit.event.actionevent.DownloadEvent.CANCEL, io.rong.imkit.event.actionevent.DownloadEvent.PAUSE, io.rong.imkit.event.actionevent.DownloadEvent.START}" />
    </annotation>
  </item>
  <item name="io.rong.imkit.event.actionevent.DownloadEvent DownloadEvent(int, io.rong.imlib.model.Message, int, io.rong.imlib.RongIMClient.ErrorCode) 0">
    <annotation name="androidx.annotation.IntDef">
      <val name="value" val="{io.rong.imkit.event.actionevent.DownloadEvent.SUCCESS, io.rong.imkit.event.actionevent.DownloadEvent.PROGRESS, io.rong.imkit.event.actionevent.DownloadEvent.ERROR, io.rong.imkit.event.actionevent.DownloadEvent.CANCEL, io.rong.imkit.event.actionevent.DownloadEvent.PAUSE, io.rong.imkit.event.actionevent.DownloadEvent.START}" />
    </annotation>
  </item>
  <item name="io.rong.imkit.event.actionevent.DownloadEvent DownloadEvent(int, io.rong.imlib.model.Message, io.rong.imlib.RongIMClient.ErrorCode) 0">
    <annotation name="androidx.annotation.IntDef">
      <val name="value" val="{io.rong.imkit.event.actionevent.DownloadEvent.SUCCESS, io.rong.imkit.event.actionevent.DownloadEvent.PROGRESS, io.rong.imkit.event.actionevent.DownloadEvent.ERROR, io.rong.imkit.event.actionevent.DownloadEvent.CANCEL, io.rong.imkit.event.actionevent.DownloadEvent.PAUSE, io.rong.imkit.event.actionevent.DownloadEvent.START}" />
    </annotation>
  </item>
  <item name="io.rong.imkit.event.actionevent.DownloadEvent event">
    <annotation name="androidx.annotation.IntDef">
      <val name="value" val="{io.rong.imkit.event.actionevent.DownloadEvent.SUCCESS, io.rong.imkit.event.actionevent.DownloadEvent.PROGRESS, io.rong.imkit.event.actionevent.DownloadEvent.ERROR, io.rong.imkit.event.actionevent.DownloadEvent.CANCEL, io.rong.imkit.event.actionevent.DownloadEvent.PAUSE, io.rong.imkit.event.actionevent.DownloadEvent.START}" />
    </annotation>
  </item>
  <item name="io.rong.imkit.event.actionevent.DownloadEvent int getEvent()">
    <annotation name="androidx.annotation.IntDef">
      <val name="value" val="{io.rong.imkit.event.actionevent.DownloadEvent.SUCCESS, io.rong.imkit.event.actionevent.DownloadEvent.PROGRESS, io.rong.imkit.event.actionevent.DownloadEvent.ERROR, io.rong.imkit.event.actionevent.DownloadEvent.CANCEL, io.rong.imkit.event.actionevent.DownloadEvent.PAUSE, io.rong.imkit.event.actionevent.DownloadEvent.START}" />
    </annotation>
  </item>
  <item name="io.rong.imkit.event.actionevent.DownloadEvent.Event">
    <annotation name="androidx.annotation.IntDef">
      <val name="value" val="{io.rong.imkit.event.actionevent.DownloadEvent.SUCCESS, io.rong.imkit.event.actionevent.DownloadEvent.PROGRESS, io.rong.imkit.event.actionevent.DownloadEvent.ERROR, io.rong.imkit.event.actionevent.DownloadEvent.CANCEL, io.rong.imkit.event.actionevent.DownloadEvent.PAUSE, io.rong.imkit.event.actionevent.DownloadEvent.START}" />
    </annotation>
  </item>
  <item name="io.rong.imkit.event.actionevent.SendEvent SendEvent(int, io.rong.imlib.model.Message) 0">
    <annotation name="androidx.annotation.IntDef">
      <val name="value" val="{io.rong.imkit.event.actionevent.SendEvent.SUCCESS, io.rong.imkit.event.actionevent.SendEvent.ATTACH, io.rong.imkit.event.actionevent.SendEvent.ERROR}" />
    </annotation>
  </item>
  <item name="io.rong.imkit.event.actionevent.SendEvent event">
    <annotation name="androidx.annotation.IntDef">
      <val name="value" val="{io.rong.imkit.event.actionevent.SendEvent.SUCCESS, io.rong.imkit.event.actionevent.SendEvent.ATTACH, io.rong.imkit.event.actionevent.SendEvent.ERROR}" />
    </annotation>
  </item>
  <item name="io.rong.imkit.event.actionevent.SendEvent int getEvent()">
    <annotation name="androidx.annotation.IntDef">
      <val name="value" val="{io.rong.imkit.event.actionevent.SendEvent.SUCCESS, io.rong.imkit.event.actionevent.SendEvent.ATTACH, io.rong.imkit.event.actionevent.SendEvent.ERROR}" />
    </annotation>
  </item>
  <item name="io.rong.imkit.event.actionevent.SendEvent.Event">
    <annotation name="androidx.annotation.IntDef">
      <val name="value" val="{io.rong.imkit.event.actionevent.SendEvent.SUCCESS, io.rong.imkit.event.actionevent.SendEvent.ATTACH, io.rong.imkit.event.actionevent.SendEvent.ERROR}" />
    </annotation>
  </item>
  <item name="io.rong.imkit.event.actionevent.SendMediaEvent SendMediaEvent(int, io.rong.imlib.model.Message) 0">
    <annotation name="androidx.annotation.IntDef">
      <val name="value" val="{io.rong.imkit.event.actionevent.SendMediaEvent.ATTACH, io.rong.imkit.event.actionevent.SendMediaEvent.SUCCESS, io.rong.imkit.event.actionevent.SendMediaEvent.PROGRESS, io.rong.imkit.event.actionevent.SendMediaEvent.ERROR, io.rong.imkit.event.actionevent.SendMediaEvent.CANCEL}" />
    </annotation>
  </item>
  <item name="io.rong.imkit.event.actionevent.SendMediaEvent SendMediaEvent(int, io.rong.imlib.model.Message, int) 0">
    <annotation name="androidx.annotation.IntDef">
      <val name="value" val="{io.rong.imkit.event.actionevent.SendMediaEvent.ATTACH, io.rong.imkit.event.actionevent.SendMediaEvent.SUCCESS, io.rong.imkit.event.actionevent.SendMediaEvent.PROGRESS, io.rong.imkit.event.actionevent.SendMediaEvent.ERROR, io.rong.imkit.event.actionevent.SendMediaEvent.CANCEL}" />
    </annotation>
  </item>
  <item name="io.rong.imkit.event.actionevent.SendMediaEvent SendMediaEvent(int, io.rong.imlib.model.Message, int, io.rong.imlib.RongIMClient.ErrorCode) 0">
    <annotation name="androidx.annotation.IntDef">
      <val name="value" val="{io.rong.imkit.event.actionevent.SendMediaEvent.ATTACH, io.rong.imkit.event.actionevent.SendMediaEvent.SUCCESS, io.rong.imkit.event.actionevent.SendMediaEvent.PROGRESS, io.rong.imkit.event.actionevent.SendMediaEvent.ERROR, io.rong.imkit.event.actionevent.SendMediaEvent.CANCEL}" />
    </annotation>
  </item>
  <item name="io.rong.imkit.event.actionevent.SendMediaEvent SendMediaEvent(int, io.rong.imlib.model.Message, io.rong.imlib.RongIMClient.ErrorCode) 0">
    <annotation name="androidx.annotation.IntDef">
      <val name="value" val="{io.rong.imkit.event.actionevent.SendMediaEvent.ATTACH, io.rong.imkit.event.actionevent.SendMediaEvent.SUCCESS, io.rong.imkit.event.actionevent.SendMediaEvent.PROGRESS, io.rong.imkit.event.actionevent.SendMediaEvent.ERROR, io.rong.imkit.event.actionevent.SendMediaEvent.CANCEL}" />
    </annotation>
  </item>
  <item name="io.rong.imkit.event.actionevent.SendMediaEvent event">
    <annotation name="androidx.annotation.IntDef">
      <val name="value" val="{io.rong.imkit.event.actionevent.SendMediaEvent.ATTACH, io.rong.imkit.event.actionevent.SendMediaEvent.SUCCESS, io.rong.imkit.event.actionevent.SendMediaEvent.PROGRESS, io.rong.imkit.event.actionevent.SendMediaEvent.ERROR, io.rong.imkit.event.actionevent.SendMediaEvent.CANCEL}" />
    </annotation>
  </item>
  <item name="io.rong.imkit.event.actionevent.SendMediaEvent int getEvent()">
    <annotation name="androidx.annotation.IntDef">
      <val name="value" val="{io.rong.imkit.event.actionevent.SendMediaEvent.ATTACH, io.rong.imkit.event.actionevent.SendMediaEvent.SUCCESS, io.rong.imkit.event.actionevent.SendMediaEvent.PROGRESS, io.rong.imkit.event.actionevent.SendMediaEvent.ERROR, io.rong.imkit.event.actionevent.SendMediaEvent.CANCEL}" />
    </annotation>
  </item>
  <item name="io.rong.imkit.event.actionevent.SendMediaEvent.Event">
    <annotation name="androidx.annotation.IntDef">
      <val name="value" val="{io.rong.imkit.event.actionevent.SendMediaEvent.ATTACH, io.rong.imkit.event.actionevent.SendMediaEvent.SUCCESS, io.rong.imkit.event.actionevent.SendMediaEvent.PROGRESS, io.rong.imkit.event.actionevent.SendMediaEvent.ERROR, io.rong.imkit.event.actionevent.SendMediaEvent.CANCEL}" />
    </annotation>
  </item>
</root>

